,uuid,Date,Healthcare Professional,Institution,Product Name,Quantity,Purpose,Follow-up Action,Date,Healthcare Professional,Institution,Purpose of Call,Discussion Points,Samples Provided,Follow-up Action,Outcome,Competitor Mentioned,Notes
0,a8792d62-7cd2-4127-b279-e5ab0d0d6906,4/1/2024,Dr. E. Smith,Mercy Hospital,Lantus,10,Promotional,Scheduled follow-up discussion,4/1/2024,Dr. Emily Smith,Mercy Hospital,Product Detailing,Reviewed efficacy and safety data for Lantus,10 samples,Scheduled follow-up for clinical trial discussion,Requested more information,No,Dr. Smith showed interest in new dosage form.
1,a8792d62-7cd2-4127-b279-e5ab0d0d6906,4/1/2024,Dr. E. Smith,Mercy Hospital,Lantus,10,Promotional,Scheduled follow-up discussion,1/1/2024,Dr. Steve Smith,Mercy Hospital,Clinical Discussion,Reviewed efficacy and safety data for Lantus,10 samples,Scheduled follow-up for clinical trial discussion,Requested more information,No,Dr. Smith requested more information about the new product's mechanism of action.
2,a8792d62-7cd2-4127-b279-e5ab0d0d6906,4/1/2024,Dr. E. Smith,Mercy Hospital,Lantus,10,Promotional,Scheduled follow-up discussion,4/7/2024,Dr. Emily Smith,Community Medical Center,Lantus,Promotional,10 samples,Scheduled webinar,Requested more information,Yes,Dr. Emily expressed concern about pricing compared to Competitor.
3,a8792d62-7cd2-4127-b279-e5ab0d0d6906,4/1/2024,Dr. E. Smith,Mercy Hospital,Lantus,10,Promotional,Scheduled follow-up discussion,4/11/2024,Dr. Emily Chen,Pediatric Associates,Lantus,Promotional,10 samples,Scheduled product demo,Requested more information,No,Dr. Chen showed interest in new dosage form.
